variant,location, nucleotide change,mutation type,classification
GTGGATTTATCTGCTCTTCGCGTTGAAGAAGTACAAAATGTCATTAATGCTATGCAGAAAATCTTAGAGTGTCCCATCTG, exon_02, c.1A>G, start loss,pathogenic
ACGGATTTATCTGCTCTTCGCGTTGAAGAAGTACAAAATGTCATTAATGCTATGCAGAAAATCTTAGAGTGTCCCATCTG, exon_02, c.2T>C, start loss,pathogenic
AGGGATTTATCTGCTCTTCGCGTTGAAGAAGTACAAAATGTCATTAATGCTATGCAGAAAATCTTAGAGTGTCCCATCTG, exon_02, c.2T>G, start loss,pathogenic
ATCGATTTATCTGCTCTTCGCGTTGAAGAAGTACAAAATGTCATTAATGCTATGCAGAAAATCTTAGAGTGTCCCATCTG, exon_02, c.3G>C, start loss,pathogenic
ATTGATTTATCTGCTCTTCGCGTTGAAGAAGTACAAAATGTCATTAATGCTATGCAGAAAATCTTAGAGTGTCCCATCTG, exon_02, c.3G>T, start loss,pathogenic
ATGGATTGATCTGCTCTTCGCGTTGAAGAAGTACAAAATGTCATTAATGCTATGCAGAAAATCTTAGAGTGTCCCATCTG, exon_02, c.8T>G, nonsense,pathogenic
ATGGATTTATCTGCTCTTCGCGTTGAAGAAGTATAAAATGTCATTAATGCTATGCAGAAAATCTTAGAGTGTCCCATCTG, exon_02, c.34C>T, nonsense,pathogenic
ATGGATTTATCTGCTCTTCGCGTTGAAGAAGTACAAAATGTCATTAATGCTACGCAGAAAATCTTAGAGTGTCCCATCTG, exon_02, c.53T>C, missense,pathogenic
ATGGATTTATCTGCTCTTCGCGTTGAAGAAGTACAAAATGTCATTAATGCTATGTAGAAAATCTTAGAGTGTCCCATCTG, exon_02, c.55C>T, nonsense,pathogenic
ATGGATTTATCTGCTCTTCGCGTTGAAGAAGTACAAAATGTCATTAATGCTATGCAGAAAATCTAAGAGTGTCCCATCTG, exon_02, c.65T>A, nonsense,pathogenic
ATGGATTTATCTGCTCTTCGCGTTGAAGAAGTACAAAATGTCATTAATGCTATGCAGAAAATCTCAGAGTGTCCCATCTG, exon_02, c.65T>C, nonsense,pathogenic
ATGGATTTATCTGCTCTTGGCGTTGAAGAAGTACAAAATGTCATTAATGCTATGCAGAAAATCTTAGAGTGTCCCATCTG, exon_02, c.19C>G, missense,non pathogenic
ATGGATTTATCTGCTCTTCGCGTTGAAGAAGTACAAAATGTCCTTAATGCTATGCAGAAAATCTTAGAGTGTCCCATCTG, exon_02, c.43A>C, missense,non pathogenic
ATGGATTTATCTGCTCTTCGCGTTGAAGAAGTACAAAATGTCATTAATGCTATGCAGAAAATCTTAGAGTGTCCCATCTG, exon_02, -, -,non pathogenic
TCTGGAGTTGATCAAGGAACCTGTCTCCACAAAGTGTGACCACATATTTTGCAA, exon_03, -, -,non pathogenic
TCTGGAGTTGATCAAGGAACCTGTCTCCACAAAGTGTGACCACATATTTTGCCA, exon_03, c.133A>C, missense,non pathogenic
TCTGGAGTTGATCAAGGAACCTGTCTCCACAAAGTGTGACCACATATTTTGCAC, exon_03, c.134A>C, missense,non pathogenic
TCTGTAGTTGATCAAGGAACCTGTCTCCACAAAGTGTGACCACATATTTTGCAA, exon_03, c.85G>T, nonsense,pathogenic
TCTGGAGTAGATCAAGGAACCTGTCTCCACAAAGTGTGACCACATATTTTGCAA, exon_03, c.89T>A, nonsense,pathogenic
TCTGGAGTTGATCAAGGAACCTGTCTCCAAAAAGTGTGACCACATATTTTGCAA, exon_03, c.110C>A, missense,pathogenic
TCTGGAGTTGATCAAGGAACCTGTCTCCACAAAGCGTGACCACATATTTTGCAA, exon_03, c.115T>C, missense,pathogenic
TCTGGAGTTGATCAAGGAACCTGTCTCCACAAAGTGTGACCGCATATTTTGCAA, exon_03, c.122A>G, missense,pathogenic
TCTGGAGTTGATCAAGGAACCTGTCTCCACAAAGTGTGACCACATATTTAGCAA, exon_03, c.130T>A, missense,pathogenic
TCTGGAGTTGATCAAGGAACCTGTCTCCACAAAGTGTGACCACATATTTTACAA, exon_03, c.131G>A, missense,pathogenic
TCTGGAGTTGATCAAGGAACCTGTCTCCACAAAGTGTGACCACATATTTTGTAA, exon_03, c.132C>T, splice site,pathogenic
ATTTTGCATGCTGAAACTTCTCAACCAGAAGAAAGGGCCTTCACAGTGTCCTTTATGTAAGAATGATATAACCAAAAG, exon_04, -, -,non pathogenic
ATTTTACATGCTGAAACTTCTCAACCAGAAGAAAGGGCCTTCACAGTGTCCTTTATGTAAGAATGATATAACCAAAAG, exon_04, c.140G>A, missense,pathogenic
ATTTTGAATGCTGAAACTTCTCAACCAGAAGAAAGGGCCTTCACAGTGTCCTTTATGTAAGAATGATATAACCAAAAG, exon_04, c.141C>A, missense,pathogenic
ATTTTGCATGCTGAAACTTATCAACCAGAAGAAAGGGCCTTCACAGTGTCCTTTATGTAAGAATGATATAACCAAAAG, exon_04, c.154C>A, missense,non pathogenic
ATTTTGCATGCTGAAACTTTTCAACCAGAAGAAAGGGCCTTCACAGTGTCCTTTATGTAAGAATGATATAACCAAAAG, exon_04, c.154C>T, missense,pathogenic
ATTTTGCATGCTGAAACTTCTCAACTAGAAGAAAGGGCCTTCACAGTGTCCTTTATGTAAGAATGATATAACCAAAAG, exon_04, c.160C>T, nonsense,pathogenic
ATTTTGCATGCTGAAACTTCTCAACCAGAAGAAAGGGGCTTCACAGTGTCCTTTATGTAAGAATGATATAACCAAAAG, exon_04, c.172C>G, nonsense,non pathogenic
ATTTTGCATGCTGAAACTTCTCAACCAGAAGAAAGGGCCTTCATAGTGTCCTTTATGTAAGAATGATATAACCAAAAG, exon_04, c.178C>T, nonsense,pathogenic
ATTTTGCATGCTGAAACTTCTCAACCAGAAGAAAGGGCCTTCACAGGGTCCTTTATGTAAGAATGATATAACCAAAAG, exon_04, c.181T>G, missense,pathogenic
ATTTTGCATGCTGAAACTTCTCAACCAGAAGAAAGGGCCTTCACAGAGTCCTTTATGTAAGAATGATATAACCAAAAG, exon_04, c.181T>A, missense,pathogenic
ATTTTGCATGCTGAAACTTCTCAACCAGAAGAAAGGGCCTTCACAGTGTCCTTAATGTAAGAATGATATAACCAAAAG, exon_04, c.188T>A, nonsense,pathogenic
ATTTTGCATGCTGAAACTTCTCAACCAGAAGAAAGGGCCTTCACAGTGTCCTTTATATAAGAATGATATAACCAAAAG, exon_04, c.191G>A, missense,pathogenic
ATTTTGCATGCTGAAACTTCTCAACCAGAAGAAAGGGCCTTCACAGTGTCCTTTATGAAAGAATGATATAACCAAAAG, exon_04, c.192T>A, nonsense,pathogenic
ATTTTGCATGCTGAAACTTCTCAACCAGAAGAAAGGGCCTTCACAGTGTCCTTTATGTAAGAATTATATAACCAAAAG, exon_04, c.199G>T, missense,non pathogenic
ATTTTGCATGCTGAAACTTCTCAACCAGAAGAAAGGGCCTTCACAGTGTCCTTTATGTAAGAATGATAAAACCAAAAG, exon_04, c.203T>A, missense,pathogenic
ATTTTGCATGCTGAAACTTCTCAACCAGAAGAAAGGGCCTTCACAGTGTCCTTTATGTAAGAATGATATAACCAAAGG, exon_04, c.211A>G, missense,pathogenic
ATTTTGCATGCTGAAACTTCTCAACCAGAAGAAAGGGCCTTCACAGTGTCCTTTATGTAAGAATGATATAACCAAAAA, exon_04, c.212G>A, splice site,pathogenic
GAGCCTACAAGAAAGTACGAGATTTAGTCAACTTGTTGAAGAGCTATTGAAAATCATTTGTGCTTTTCAGCTTGACACAGGTTTGGAGT, exon_05, -, -,non pathogenic
GAGCCTATAAGAAAGTACGAGATTTAGTCAACTTGTTGAAGAGCTATTGAAAATCATTTGTGCTTTTCAGCTTGACACAGGTTTGGAGT, exon_05, c.220C>T, nonsense,pathogenic
GAGCCTACAATAAAGTACGAGATTTAGTCAACTTGTTGAAGAGCTATTGAAAATCATTTGTGCTTTTCAGCTTGACACAGGTTTGGAGT, exon_05, c.223G>T, nonsense,pathogenic
GAGCCTACAAGAAAGTATGAGATTTAGTCAACTTGTTGAAGAGCTATTGAAAATCATTTGTGCTTTTCAGCTTGACACAGGTTTGGAGT, exon_05, c.230C>T, missense,pathogenic
GAGCCTACAAGAAAGTACGTGATTTAGTCAACTTGTTGAAGAGCTATTGAAAATCATTTGTGCTTTTCAGCTTGACACAGGTTTGGAGT, exon_05, c.232A>T, nonsense,pathogenic
GAGCCTACAAGAAAGTACGAGATTTAGTTAACTTGTTGAAGAGCTATTGAAAATCATTTGTGCTTTTCAGCTTGACACAGGTTTGGAGT, exon_05, c.241C>T, nonsense,pathogenic
GAGCCTACAAGAAAGTACGAGATTTAGTCAACTTGTTTAAGAGCTATTGAAAATCATTTGTGCTTTTCAGCTTGACACAGGTTTGGAGT, exon_05, c.250G>T, nonsense,pathogenic
GAGCCTACAAGAAAGTACGAGATTTAGTCAACTTGTTGAATAGCTATTGAAAATCATTTGTGCTTTTCAGCTTGACACAGGTTTGGAGT, exon_05, c.253G>T, nonsense,pathogenic
GAGCCTACAAGAAAGTACGAGATTTAGTCAACTTGTTGAAGAGCTATTGAAAATCATTTGTGCTTTTTAGCTTGACACAGGTTTGGAGT, exon_05, c.280C>T, nonsense,pathogenic
ATGCAAACAGCTATAATTTTGCAAAAAAGGAAAATAACTCTCCTGAACATCTAAAAGATGAAGTTTCTATCATCCAAAGTATGGGCTACAGAAACCGTGCCAAAAGACTTCTACAGAGTGAACCCGAAAATCCTTCCTTG, exon_06, -, -,non pathogenic
AAGCAAACAGCTATAATTTTGCAAAAAAGGAAAATAACTCTCCTGAACATCTAAAAGATGAAGTTTCTATCATCCAAAGTATGGGCTACAGAAACCGTGCCAAAAGACTTCTACAGAGTGAACCCGAAAATCCTTCCTTG, exon_06, c.303T>A, nonsense,pathogenic
AGGCAAACAGCTATAATTTTGCAAAAAAGGAAAATAACTCTCCTGAACATCTAAAAGATGAAGTTTCTATCATCCAAAGTATGGGCTACAGAAACCGTGCCAAAAGACTTCTACAGAGTGAACCCGAAAATCCTTCCTTG, exon_06, c.303T>G, nonsense,pathogenic
ATGGAAACAGCTATAATTTTGCAAAAAAGGAAAATAACTCTCCTGAACATCTAAAAGATGAAGTTTCTATCATCCAAAGTATGGGCTACAGAAACCGTGCCAAAAGACTTCTACAGAGTGAACCCGAAAATCCTTCCTTG, exon_06, c.305C>G, nonsense,non pathogenic
ATGCAAACAGCTGTAATTTTGCAAAAAAGGAAAATAACTCTCCTGAACATCTAAAAGATGAAGTTTCTATCATCCAAAGTATGGGCTACAGAAACCGTGCCAAAAGACTTCTACAGAGTGAACCCGAAAATCCTTCCTTG, exon_06, c.314A>G, misssense,non pathogenic
ATGCAAACAGCTATAATTTTGCAAAAAAGGAAAATAACTCTCCTGAACATCTAAAAGATGAAGTTTCTATCATCTAAAGTATGGGCTACAGAAACCGTGCCAAAAGACTTCTACAGAGTGAACCCGAAAATCCTTCCTTG, exon_06, c.376C>T, nonsense,pathogenic
ATGCAAGCAGCTGTAATTTTGCAAAAAAGGAAAATAACTCTCCTGAACATCTAAAAGATGAAGTTTCTATCATCTAAAGTATGGGCTACAGAAACCGTGCCAAAAGACTTCTACAGAGTGAACCCGAAAATCCTTCCTTG, exon_06, c.370A>G, nonsense,non pathogenic
ATGCAAACAGCTATAATTTTGCAAAAAAGGAAAATAACTCTCCTGAACATCTAAAAGATGAAGTTTCTATCATCCAAAATATGGGCTACAGAAACCGTGCCAAAAGACTTCTACAGAGTGAACCCGAAAATCCTTCCTTG, exon_06, c.380G>A, misssense,pathogenic
ATGCAAACAGCTATAATTTTGCAAAAAAGGAAAATAACTCTCCTGAACATCTAAAAGATGAAGTTTCTATCATCCAAAGTATGGGCTAAAGAAACCGTGCCAAAAGACTTCTACAGAGTGAACCCGAAAATCCTTCCTTG, exon_06, c.390C>A, nonsense,pathogenic
ATGCAAACAGCTATAATTTTGCAAAAAAGGAAAATAACTCTCCTGAACATCTAAAAGATGAAGTTTCTATCATCCAAAGTATGGGCTACAGAAAACGTGCCAAAAGACTTCTACAGAGTGAACCCGAAAATCCTTCCTTG, exon_06, c.396C>A, misssense,non pathogenic
ATGCAAACAGCTATAATTTTGCAAAAAAGGAAAATAACTCTCCTGAACATCTAAAAGATGAAGTTTCTATCATCCAAAGTATGGGCTAAAAAAAACGTGCCAAAAGACTTCTACAGAGTGAACCCGAAAATCCTTCCTTG, exon_06, c.398G>A, misssense,non pathogenic
ATGCAAACAGCTATAATTTTGCAAAAAAGGAAAATAACTCTCCTGAACATCTAAAAGATGAAGTTTCTATCATCCAAAGTATGGGCTACAGAAACTGTGCCAAAAGACTTCTACAGAGTGAACCCGAAAATCCTTCCTTG, exon_06, c.397C>T, misssense,non pathogenic
ATGCAAACAGCTATAATTTTGCAAAAAAGGAAAATAACTCTCCTGAACATCTAAAAGATGAAGTTTCTATCATCCAAAGTATGGGCTACAGAAACCATGCCAAAAGACTTCTACAGAGTGAACCCGAAAATCCTTCCTTG, exon_06, c.398G>A, misssense,pathogenic
ATGCAAACAGCTATAATTTTGCAAAAAAGGAAAATAACTCTCCTGAACATCTAAAAGATGAAGTTTCTATCATCCAAAGTATGGGCTACAGAAACCGTGCCAAAAGACTTCTATAGAGTGAACCCGAAAATCCTTCCTTG, exon_06, c.415C>T, nonsense,pathogenic
ATGCAAACAGCTATAATTTTGCAAAAAAGGAAAATAACTCTCCTGAACATCTAAAAGATGAAGTTTCTATCATCCAAAGTATGGGCTACAGAAACCGTGCCAAAAGACTTCTACAGAGTGAACACGAAAATCCTTCCTTG, exon_06, c.425C>A, nonsense,non pathogenic
ATGCAAACAGCTATAATTTTGCAAAAAAGGAAAATAACTCTCCTGAACATCTAAAAGATGAAGTTTCTATCATCCAAAGTATGGGCTACAGAAACCGTGCCAAAAGACTTCTACAGAGTGAACCCTAAAATCCTTCCTTG, exon_06, c.427G>T, misssense,pathogenic
ATGCAAACAGCTATAATTTTGCAAAAAAGGAAAATAACTCTCCTGAACATCTAAAAGATGAAGTTTCTATCATCCAAAGTATGGGCTACAGAAACCGTGCCAAAAGACTTCTACAGAGTGAACCCAAAAATCCTTCCTTG, exon_06, c.427G>A, misssense,non pathogenic
CAGGAAACCAGTCTCAGTGTCCAACTCTCTAACCTTGGAACTGTGAGAACTCTGAGGACAAAGCAGCGGATACAACCTCAAAAGACGTCTGTCTACATTGAATTGG, exon_07, -, -,non pathogenic
CAGTAAACCAGTCTCAGTGTCCAACTCTCTAACCTTGGAACTGTGAGAACTCTGAGGACAAAGCAGCGGATACAACCTCAAAAGACGTCTGTCTACATTGAATTGG, exon_07, c.445G>T, nonsense,pathogenic
CAGGAAACCAGTCCCAGTGTCCAACTCTCTAACCTTGGAACTGTGAGAACTCTGAGGACAAAGCAGCGGATACAACCTCAAAAGACGTCTGTCTACATTGAATTGG, exon_07, c.455T>C, nonsense,non pathogenic
CAGGAAACCAGTCTCAGTGTCGAACTCTCTAACCTTGGAACTGTGAGAACTCTGAGGACAAAGCAGCGGATACAACCTCAAAAGACGTCTGTCTACATTGAATTGG, exon_07, c.463C>G, misssense,non pathogenic
CAGGAAACCAGTCTCAGTGTCCAACTCCCTAACCTTGGAACTGTGAGAACTCTGAGGACAAAGCAGCGGATACAACCTCAAAAGACGTCTGTCTACATTGAATTGG, exon_07, c.469T>C, misssense,non pathogenic
CAGGAAACCAGTCTCAGTGTCCAACTCTCTAACCTTCGAACTGTGAGAACTCTGAGGACAAAGCAGCGGATACAACCTCAAAAGACGTCTGTCTACATTGAATTGG, exon_07, c.478G>C, nonsense,non pathogenic
CAGGAAACCAGTCTCAGTGTCCAACTCTCTAACCTTGGAACTGTGAGAACTCTGAGGACAAAGCAGCGGATACAACCTCAAAAGACGTCTGTCTACATTGAATTGG, exon_07, c.502A>T, nonsense,pathogenic
CAGGAAACCAGTCTCAGTGTCCAACTCTCTAACCTTGGAACTGTGAGAACTCTGAGGACAAAGTAGCGGATACAACCTCAAAAGACGTCTGTCTACATTGAATTGG, exon_07, c.505C>T, nonsense,pathogenic
CAGGAAACCAGTCTCAGTGTCCAACTCTCTAACCTTGGAACTGTGAGAACTCTGAGGACAAAGCAGTGGATACAACCTCAAAAGACGTCTGTCTACATTGAATTGG, exon_07, c.508C>T, misssense,non pathogenic
CAGGAAACCAGTCTCAGTGTCCAACTCTCTAACCTTGGAACTGTGAGAACTCTGAGGACAAAGCAGCAGATACAACCTCAAAAGACGTCTGTCTACATTGAATTGG, exon_07, c.509G>A, misssense,pathogenic
CAGGAAACCAGTCTCAGTGTCCAACTCTCTAACCTTGGAACTGTGAGAACTCTGAGGACAAAGCAGCGGATATAACCTCAAAAGACGTCTGTCTACATTGAATTGG, exon_07, c.514C>T, nonsense,pathogenic
CAGGAAACCAGTCTCAGTGTCCAACTCTCTAACCTTGGAACTGTGAGAACTCTGAGGACAAAGCAGCGGATACAACCTTAAAAGACGTCTGTCTACATTGAATTGG, exon_07, c.520C>T, nonsense,pathogenic
CAGGAAACCAGTCTCAGTGTCCAACTCTCTAACCTTGGAACTGTGAGAACTCTGAGGACAAAGCAGCGGATACAACCTTAAAAGACGTCTGTCTGCATTGAATTGG, exon_07, c.536A>G, misssense,non pathogenic
CAGGAAACCAGTCTCAGTGTCCAACTCTCTAACCTTGGAACTGTGAGAACTCTGAGGACAAAGCAGCGGATACAACCTCAAAAGACGTCTGTCCGCATTGAATTGG, exon_07, c.535T>C, misssense,non pathogenic
CAGGAAACCAGTCTCAGTGTCCAACTCTCTAACCTTGGAACTGTGAGAACTCTGAGGACAAAGCAGCGGATACAACCTCAAAAGACGTCTGTCTACATTTAATTGG, exon_07, c.541G>T, misssense,pathogenic
TGTGGGAGATCAAGAATTGTTACAAATCACCCCTCAAGGAACCAGGGATGAAATCAGTTTGGATTCTGCAAAAAAGG, exon_09, -, -,non pathogenic
TGTGGGAGATCAAGAATTGTTACAAATCACCCCTCAAGGAACCAGGGATGAAATCAGTTTGGATTCTGCAAAAAAGG, exon_09, c.607G>T, nonsense,pathogenic
TGTGGGAGATCAAGAATTGTTATAAATCACCCCTCAAGGAACCAGGGATGAAATCAGTTTGGATTCTGCAAAAAAGG, exon_09, c.616C>T, nonsense,pathogenic
GTGAAGCAGCATCTGGGTGTGAGAGTGAAACAAGCGTCTCTGAAGACTGCTCAGGGCTATCCTCTCAGAGTGACATTTTAACCACTCAG, exon_11, c.4163T>G, uncertain,non pathogenic
GTGAAGTAGCATCTGGGTGAGAGAGTGAAACAAGCGTCTCTGAAGACTGCTCAGGGCTATCCTCTCAGAGTGACATTTTAACCACTCAG, exon_11, c.4103C>T, nonsense,non pathogenic
GTGAAGCAGCATCTGGGTGAGAGAGTGAAACAAGCGTCTCTGAAGACTGCTCAGGGCTATCCTCTCAGAGTGACATTTTAACCACTCAG, exon_11, c.4116T>A, nonsense,pathogenic
GTGAAGCAGCATCTGGGTGTTAGAGTGAAACAAGCGTCTCTGAAGACTGCTCAGGGCTATCCTCTCAGAGTGACATTTTAACCACTCAG, exon_11, c.4117G>T, nonsense,pathogenic
GTGAAGCAGCATCTGGGTGTGAGAGTGAAACAAGCATCTCTGAAGACTGCTCAGGGCTATCCTCTCAGAGTGACATTTTAACCACTCAG, exon_11, c.4132G>A, misssense,non pathogenic
GTGAAGCAGCATCTGGGTGTGAGAGTGAAACAAGCGTCTCTGAAGACTGCTGAGGGCTATCCTCTCAGAGTGACATTTTAACCACTCAG, exon_11, c.4148C>G, nonsense,pathogenic
GTGAAGCAGCATCTGGGTGTGAGAGTGAAACAAGCGTCTCTGAAGACTGCTCAGGGCTATCCTCTTAGAGTGACATTTTAACCACTCAG, exon_11, c.4162C>T, nonsense,pathogenic
GTGAAGCAGCATCTGGGTGTGAGAGTGAAACAAGCGTCTCTGAAGACTGCTCAGGGCTATCCTCTCAGAGTGACATTTTAACCACTTAG, exon_11, c.4183C>T, nonsense,pathogenic
GTGAAGCAGCATCTGGGTGTGAGAGTGAAACAAGCGTCTCTGAAGACTGCTCAGGGCTATCCTCTCAGAGTGACATTTTAACCACTCGG, exon_11, c.4184A>G, nonsense,non pathogenic
GTGAAGCAGCATCTGGGTGTGAGAGTGAAACAAGCGTCTCTGAAGACTGCTCAGGGCTATCCTCTCAGAGTGACATTTTAACCACTCAA, exon_11, c.4185G>A, misssense,pathogenic
CAGAGGGATACCATGCAACATAACCTGATAAAGCTCCAGCAGGAAATGGCTGAACTAGAAGCTGTGTTAGAACAGCATGGGAGCCAGCCTTCTAACAGCTACCCTTCCATCATAAGTGACTCTTCTGCCCTTGAGGACCTGCGAAATCCAGAACAAAGCACATCAGAAAAAG, exon_12, c.4190C>A,uncertain,non pathogenic
TAGAGGGATACCATGCAACATAACCTGATAAAGCTCCAGCAGGAAATGGCTGAACTAGAAGCTGTGTTAGAACAGCATGGGAGCCAGCCTTCTAACAGCTACCCTTCCATCATAAGTGACTCTTCTGCCCTTGAGGACCTGCGAAATCCAGAACAAAGCACATCAGAAAAAG, exon_12, c.4186C>T, nonsense,pathogenic
CAGAGGGATACCATGTAACATAACCTGATAAAGCTCCAGCAGGAAATGGCTGAACTAGAAGCTGTGTTAGAACAGCATGGGAGCCAGCCTTCTAACAGCTACCCTTCCATCATAAGTGACTCTTCTGCCCTTGAGGACCTGCGAAATCCAGAACAAAGCACATCAGAAAAAG, exon_12, c.4201C>T, nonsense,pathogenic
CAGAGGGATACCATGCAATATAACCTGATAAAGCTCCAGCAGGAAATGGCTGAACTAGAAGCTGTGTTAGAACAGCATGGGAGCCAGCCTTCTAACAGCTACCCTTCCATCATAAGTGACTCTTCTGCCCTTGAGGACCTGCGAAATCCAGAACAAAGCACATCAGAAAAAG, exon_12, c.4204C>T,misssense,non pathogenic
CAGAGGGATACCATGCAACATAACCTGGTAAAGCTCCAGCAGGAAATGGCTGAACTAGAAGCTGTGTTAGAACAGCATGGGAGCCAGCCTTCTAACAGCTACCCTTCCATCATAAGTGACTCTTCTGCCCTTGAGGACCTGCGAAATCCAGAACAAAGCACATCAGAAAAAG, exon_12, c.4213A>G,misssense,non pathogenic
CAGAGGGATACCATGCAACATAACCTGATAAAGCTCTAGCAGGAAATGGCTGAACTAGAAGCTGTGTTAGAACAGCATGGGAGCCAGCCTTCTAACAGCTACCCTTCCATCATAAGTGACTCTTCTGCCCTTGAGGACCTGCGAAATCCAGAACAAAGCACATCAGAAAAAG, exon_12, c.4222C>T, nonsense,pathogenic
CAGAGGGATACCATGCAACATAACCTGATAAAGCTCCAGCAGTAAATGGCTGAACTAGAAGCTGTGTTAGAACAGCATGGGAGCCAGCCTTCTAACAGCTACCCTTCCATCATAAGTGACTCTTCTGCCCTTGAGGACCTGCGAAATCCAGAACAAAGCACATCAGAAAAAG, exon_12, c.4228G>T, nonsense,pathogenic
CAGAGGGATACCATGCAACATAACCTGATAAAGCTCCAGCAGGAAATGGCTTAACTAGAAGCTGTGTTAGAACAGCATGGGAGCCAGCCTTCTAACAGCTACCCTTCCATCATAAGTGACTCTTCTGCCCTTGAGGACCTGCGAAATCCAGAACAAAGCACATCAGAAAAAG, exon_12, c.4237G>T, nonsense,pathogenic
CAGAGGGATACCATGCAACATAACCTGATAAAGCTCCAGCAGGAAATGGCTGAACTATAAGCTGTGTTAGAACAGCATGGGAGCCAGCCTTCTAACAGCTACCCTTCCATCATAAGTGACTCTTCTGCCCTTGAGGACCTGCGAAATCCAGAACAAAGCACATCAGAAAAAG, exon_12, c.4243G>T, nonsense,pathogenic
CAGAGGGATACCATGCAACATAACCTGATAAAGCTCCAGCAGGAAATGGCTGAACTAGAAGCTGTGTGAGAACAGCATGGGAGCCAGCCTTCTAACAGCTACCCTTCCATCATAAGTGACTCTTCTGCCCTTGAGGACCTGCGAAATCCAGAACAAAGCACATCAGAAAAAG, exon_12, c.4253T>G, nonsense,pathogenic
CAGAGGGATACCATGCAACATAACCTGATAAAGCTCCAGCAGGAAATGGCTGAACTAGAAGCTGTGTTATAACAGCATGGGAGCCAGCCTTCTAACAGCTACCCTTCCATCATAAGTGACTCTTCTGCCCTTGAGGACCTGCGAAATCCAGAACAAAGCACATCAGAAAAAG, exon_12, c.4255G>T, nonsense,pathogenic
CAGAGGGATACCATGCAACATAACCTGATAAAGCTCCAGCAGGAAATGGCTGAACTAGAAGCTGTGTCATAACAGCATGGGAGCCAGCCTTCTAACAGCTACCCTTCCATCATAAGTGACTCTTCTGCCCTTGAGGACCTGCGAAATCCAGAACAAAGCACATCAGAAAAAG, exon_12, c.4255G>C, nonsense,non pathogenic
CAGAGGGATACCATGCAACATAACCTGATAAAGCTCCAGCAGGAAATGGCTGAACTAGAAGCTGTGTTAGAATAGCATGGGAGCCAGCCTTCTAACAGCTACCCTTCCATCATAAGTGACTCTTCTGCCCTTGAGGACCTGCGAAATCCAGAACAAAGCACATCAGAAAAAG, exon_12, c.4258C>T, nonsense,pathogenic
CAGAGGGATACCATGCAACATAACCTGATAAAGCTCCAGCAGGAAATGGCTGAACTAGAAGCTGTGTTAGAACAGCGTGGGAGCCAGCCTTCTAACAGCTACCCTTCCATCATAAGTGACTCTTCTGCCCTTGAGGACCTGCGAAATCCAGAACAAAGCACATCAGAAAAAG, exon_12, c.4262A>G, misssense,non pathogenic
CAGAGGGATACCATGCAACATAACCTGATAAAGCTCCAGCAGGAAATGGCTGAACTAGAAGCTGTGTTAGAACAGCATGGGAGCCAGCCTTCTAACAGCTACTCTTCCATCATAAGTGACTCTTCTGCCCTTGAGGACCTGCGAAATCCAGAACAAAGCACATCAGAAAAAG, exon_12, c.4288C>T, misssense,non pathogenic
CAGAGGGATACCATGCAACATAACCTGATAAAGCTCCAGCAGGAAATGGCTGAACTAGAAGCTGTGTTAGAACAGCATGGGAGCTAGCCTTCTAACAGCTACCCTTCCATCATAAGTGACTCTTCTGCCCTTGAGGACCTGCGAAATCCAGAACAAAGCACATCAGAAAAAG, exon_12, c.4270C>T, nonsense,pathogenic
CAGAGGGATACCATGCAACATAACCTGATAAAGCTCCAGCAGGAAATGGCTGAACTAGAAGCTGTGTTAGAACAGCATGGGAGCCAGCCTTCTAACAGCTAACCTTCCATCATAAGTGACTCTTCTGCCCTTGAGGACCTGCGAAATCCAGAACAAAGCACATCAGAAAAAG, exon_12, c.4287C>A, nonsense,pathogenic
CAGAGGGATACCATGCAACATAACCTGATAAAGCTCCAGCAGGAAATGGCTGAACTAGAAGCTGTGTTAGAACAGCATGGGAGCCAGCCTTCTAACAGCTACCCTTCCATCATAAGTGACTCTTCTGCCCTTGAGGACCTGTGAAATCCAGAACAAAGCACATCAGAAAAAG, exon_12, c.4327C>T, nonsense,pathogenic
CAGAGGGATACCATGCAACATAACCTGATAAAGCTCCAGCAGGAAATGGCTGAACTAGAAGCTGTGTTAGAACAGCATGGGAGCCAGCCTTCTAACAGCTACCCTTCCATCATAAGTGACTCTTCTGCCCTTGAGGACCTGGGAAATCCAGAACAAAGCACATCAGAAAAAG, exon_12, c.4327C>G, nonsense,non pathogenic
CAGAGGGATACCATGCAACATAACCTGATAAAGCTCCAGCAGGAAATGGCTGAACTAGAAGCTGTGTTAGAACAGCATGGGAGCCAGCCTTCTAACAGCTACCCTTCCATCATAAGTGACTCTTCTGCCCTTGAGGACCTGCGAAATCCAGAATAAAGCACATCAGAAAAAG, exon_12, c.4339C>T, nonsense,pathogenic
CAGAGGGATACCATGCAACATAACCTGATAAAGCTCCAGCAGGAAATGGCTGAACTAGAAGCTGTGTTAGAACAGCATGGGAGCCAGCCTTCTAACAGCTACCCTTCCATCATAAGTGACTCTTCTGCCCTTGAGGACCTGCGAAATCCAGAAAAAAGCACATCAGAAAAAG, exon_12, c.4349C>A, nonsense,pathogenic
CAGTATTAACTTCACAGAAAAGTAGTGAATACCCTATAAGCCAGAATCCAGAAGGCCTTTCTGCTGACAAGTTTGAGGTGTCTGCAGATAGTTCTACCAGTAAAAATAAAGAACCAGGAGTGGAAAG, exon_13, -, -,non pathogenic
CAGTATTAACTTAACAGAAAAGTAGTGAATACCCTATAAGCCAGAATCCAGAAGGCCTTTCTGCTGACAAGTTTGAGGTGTCTGCAGATAGTTCTACCAGTAAAAATAAAGAACCAGGAGTGGAAAG, exon_13, c.4370C>A, nonsense,pathogenic
CAGTATTAACTTGACAGAAAAGTAGTGAATACCCTATAAGCCAGAATCCAGAAGGCCTTTCTGCTGACAAGTTTGAGGTGTCTGCAGATAGTTCTACCAGTAAAAATAAAGAACCAGGAGTGGAAAG, exon_13, c.4370C>G, nonsense,pathogenic
CAGTATTAACTTCATAGAAAAGTAGTGAATACCCTATAAGCCAGAATCCAGAAGGCCTTTCTGCTGACAAGTTTGAGGTGTCTGCAGATAGTTCTACCAGTAAAAATAAAGAACCAGGAGTGGAAAG, exon_13, c.4372C>T, nonsense,pathogenic
CAGTATTAACTTCACAGTAAAGTAGTGAATACCCTATAAGCCAGAATCCAGAAGGCCTTTCTGCTGACAAGTTTGAGGTGTCTGCAGATAGTTCTACCAGTAAAAATAAAGAACCAGGAGTGGAAAG, exon_13, c.4375A>T, nonsense,pathogenic
CAGTATTAACTTCACAGAAAAGTAGTGAATAACCTATAAGCCAGAATCCAGAAGGCCTTTCTGCTGACAAGTTTGAGGTGTCTGCAGATAGTTCTACCAGTAAAAATAAAGAACCAGGAGTGGAAAG, exon_13, c.4389C>A, nonsense,pathogenic
CAGTATTAACTTCACAGAAAAGTAGTGAATAGCCTATAAGCCAGAATCCAGAAGGCCTTTCTGCTGACAAGTTTGAGGTGTCTGCAGATAGTTCTACCAGTAAAAATAAAGAACCAGGAGTGGAAAG, exon_13, c.4389C>G, nonsense,pathogenic
CAGTATTAACTTCACAGAAAAGTAGTGAATACCCTATAAGCTAGAATCCAGAAGGCCTTTCTGCTGACAAGTTTGAGGTGTCTGCAGATAGTTCTACCAGTAAAAATAAAGAACCAGGAGTGGAAAG, exon_13, c.4399C>T, nonsense,pathogenic
CAGTATTAACTTCACAGAAAAGTAGTGAATACCCTATAAGCCAGCATCCAGAAGGCCTTTCTGCTGACAAGTTTGAGGTGTCTGCAGATAGTTCTACCAGTAAAAATAAAGAACCAGGAGTGGAAAG, exon_13, c.4402A>C, misssense,non pathogenic
CAGTATTAACTTCACAGAAAAGTAGTGAATACCCTATAAGCCAGAATCCAGAAGGCCTTTCTGCTGACAAGTTTGAGGTGTCTGCAGATAGTTCTACCAGTAAAAATAAAGAACCAGGAGTGTAAAG, exon_13, c.4480G>T, nonsense,pathogenic
CAGTATTAACTTCACAGAAAAGTAGTGAATACCCTATAAGCCAGAATCCAGAAGGCCTTTCTGCTGACAAGTTTGAGGTGTCTGCAGATAGTTCTACCAGTAAAAATAAAGAACCAGGAGTGGAAAA, exon_13, c.4484G>A, misssense,pathogenic
CAGTATTAACTTCACAGAAAAGTAGTGAATACCCTATAAGCCAGAATCCAGAAGGCCTTTCTGCTGACAAGTTTGAGGTGTCTGCAGATAGTTCTACCAGTAAAAATAAAGAACCAGGAGTGGAAAT, exon_13, c.4484G>T, misssense,pathogenic
CAGTATTAACTTCACAGAAAAGTAGTGAATACCCTATAAGCCAGAATCCAGAAGGCCTTTCTGCTGACAAGTTTGAGGTGTCTGCAGATAGTTCTACCAGTAAAAATAAAGAACCAGGAGTGGAAAC, exon_13, c.4484G>C, misssense,pathogenic
GTCATCCCCTTCTAAATGCCCATCATTAGATGATAGGTGGTACATGCACAGTTGCTCTGGGAGTCTTCAGAATAGAAACTACCCATCTCAAGAGGAGCTCATTAAGGTTGTTGATGTGGAGGAGCAACAGCTGGAAGAGTCTGGGCCACACGATTTGACGGAAACATCTTACTTGCCAAGGCAAGATCTAG,exon_14, -,-,non pathogenic
GTGATCCCCTTCTAAATGCCCATCATTAGATGATAGGTGGTACATGCACAGTTGCTCTGGGAGTCTTCAGAATAGAAACTACCCATCTCAAGAGGAGCTCATTAAGGTTGTTGATGTGGAGGAGCAACAGCTGGAAGAGTCTGGGCCACACGATTTGACGGAAACATCTTACTTGCCAAGGCAAGATCTAG,exon_14, c.4487C>G, nonsense,pathogenic
GTAATCCCCTTCTAAATGCCCATCATTAGATGATAGGTGGTACATGCACAGTTGCTCTGGGAGTCTTCAGAATAGAAACTACCCATCTCAAGAGGAGCTCATTAAGGTTGTTGATGTGGAGGAGCAACAGCTGGAAGAGTCTGGGCCACACGATTTGACGGAAACATCTTACTTGCCAAGGCAAGATCTAG,exon_14, c.4487C>A, nonsense,pathogenic
GTCATCCCCTTCTAAATGACCATCATTAGATGATAGGTGGTACATGCACAGTTGCTCTGGGAGTCTTCAGAATAGAAACTACCCATCTCAAGAGGAGCTCATTAAGGTTGTTGATGTGGAGGAGCAACAGCTGGAAGAGTCTGGGCCACACGATTTGACGGAAACATCTTACTTGCCAAGGCAAGATCTAG,exon_14, c.4503C>A, nonsense,pathogenic
GTCATCCCCTTCTAAATGCCCATAATTAGATGATAGGTGGTACATGCACAGTTGCTCTGGGAGTCTTCAGAATAGAAACTACCCATCTCAAGAGGAGCTCATTAAGGTTGTTGATGTGGAGGAGCAACAGCTGGAAGAGTCTGGGCCACACGATTTGACGGAAACATCTTACTTGCCAAGGCAAGATCTAG,exon_14, c.4508C>A, nonsense,pathogenic
GTCATCCCCTTCTAAATGCCCATGATTAGATGATAGGTGGTACATGCACAGTTGCTCTGGGAGTCTTCAGAATAGAAACTACCCATCTCAAGAGGAGCTCATTAAGGTTGTTGATGTGGAGGAGCAACAGCTGGAAGAGTCTGGGCCACACGATTTGACGGAAACATCTTACTTGCCAAGGCAAGATCTAG,exon_14, c.4508C>G, nonsense,pathogenic
GTCATCCCCTTCTAAATGCCCATCATTAGATGATACGTGGTACATGCACAGTTGCTCTGGGAGTCTTCAGAATAGAAACTACCCATCTCAAGAGGAGCTCATTAAGGTTGTTGATGTGGAGGAGCAACAGCTGGAAGAGTCTGGGCCACACGATTTGACGGAAACATCTTACTTGCCAAGGCAAGATCTAG,exon_14, c.4520G>C, misssense,non pathogenic
GTCATCCCCTTCTAAATGCCCATCATTAGATGATAGGTGGTACATGCACATTTGCTCTGGGAGTCTTCAGAATAGAAACTACCCATCTCAAGAGGAGCTCATTAAGGTTGTTGATGTGGAGGAGCAACAGCTGGAAGAGTCTGGGCCACACGATTTGACGGAAACATCTTACTTGCCAAGGCAAGATCTAG,exon_14, c.4535G>T, misssense,non pathogenic
GTCATCCCCTTCTAAATGCCCATCATTAGATGATAGGTGGTACATGCACAGTTGCTCTGGGAGTCTTCAGAATAGAAACTACCCATCTCAAGAGGAGCTCATTAAGGTTGTTGATATGGAGGAGCAACAGCTGGAAGAGTCTGGGCCACACGATTTGACGGAAACATCTTACTTGCCAAGGCAAGATCTAG,exon_14, c.4600G>A, misssense,non pathogenic
GTCATCCCCTTCTAAATGCCCATCATTAGATGATAGGTGGTACATGCACAGTTGCTCTGGGAGTCTTCAGAATAGAAACTACCCATCTCAAGAGGAGCTCATTAAGGTTGTTGATGTGGAGGAGCAACAGCTGGAAGAGTCTGGGCCACACAATTTGACGGAAACATCTTACTTGCCAAGGCAAGATCTAG,exon_14, c.4636G>A, misssense,non pathogenic
GTCATCCCCTTCTAAATGCCCATCATTAGATGATAGGTGGTACATGCACAGTTGCTCTGGGAGTCTTCAGAATAGAAACTACCCATCTCAAGAGGAGCTCATTAAGGTTGTTGATGTGGAGGAGCAACAGCTGGAAGAGTCTGGGCCACACTATTTGACGGAAACATCTTACTTGCCAAGGCAAGATCTAG,exon_14, c.4636G>T, misssense,non pathogenic
GTCATCCCCTTCTAAATGCCCATCATTAGATGATAGGTAGTACATGCACAGTTGCTCTGGGAGTCTTCAGAATAGAAACTACCCATCTCAAGAGGAGCTCATTAAGGTTGTTGATGTGGAGGAGCAACAGCTGGAAGAGTCTGGGCCACACGATTTGACGGAAACATCTTACTTGCCAAGGCAAGATCTAG,exon_14, c.4523G>A, nonsense,pathogenic
GTCATCCCCTTCTAAATGCCCATCATTAGATGATAGGTGATACATGCACAGTTGCTCTGGGAGTCTTCAGAATAGAAACTACCCATCTCAAGAGGAGCTCATTAAGGTTGTTGATGTGGAGGAGCAACAGCTGGAAGAGTCTGGGCCACACGATTTGACGGAAACATCTTACTTGCCAAGGCAAGATCTAG,exon_14, c.4524G>A, nonsense,pathogenic
GTCATCCCCTTCTAAATGCCCATCATTAGATGATAGGTGGTACATGCACAGTTGCTCTGGGAGTCTTTAGAATAGAAACTACCCATCTCAAGAGGAGCTCATTAAGGTTGTTGATGTGGAGGAGCAACAGCTGGAAGAGTCTGGGCCACACGATTTGACGGAAACATCTTACTTGCCAAGGCAAGATCTAG,exon_14, c.4552C>T, nonsense,pathogenic
GTCATCCCCTTCTAAATGCCCATCATTAGATGATAGGTGGTACATGCACAGTTGCTCTGGGAGTCTTCAGAATAGAAACTAACCATCTCAAGAGGAGCTCATTAAGGTTGTTGATGTGGAGGAGCAACAGCTGGAAGAGTCTGGGCCACACGATTTGACGGAAACATCTTACTTGCCAAGGCAAGATCTAG,exon_14, c.4566C>A, nonsense,pathogenic
GTCATCCCCTTCTAAATGCCCATCATTAGATGATAGGTGGTACATGCACAGTTGCTCTGGGAGTCTTCAGAATAGAAACTACCCATCTTAAGAGGAGCTCATTAAGGTTGTTGATGTGGAGGAGCAACAGCTGGAAGAGTCTGGGCCACACGATTTGACGGAAACATCTTACTTGCCAAGGCAAGATCTAG,exon_14, c.4573C>T, nonsense,pathogenic
GTCATCCCCTTCTAAATGCCCATCATTAGATGATAGGTGGTACATGCACAGTTGCTCTGGGAGTCTTCAGAATAGAAACTACCCATCTCAAGAGGAGCTCGTTAAGGTTGTTGATGTGGAGGAGCAACAGCTGGAAGAGTCTGGGCCACACGATTTGACGGAAACATCTTACTTGCCAAGGCAAGATCTAG,exon_14, c.4585A>G, misssense,non pathogenic
GTCATCCCCTTCTAAATGCCCATCATTAGATGATAGGTGGTACATGCACAGTTGCTCTGGGAGTCTTCAGAATAGAAACTACCCATCTCAAGAGGAGCTCATTAAGGTTGTTGATGTGGAGGAGCAACAGCTGGAAGAGTCTGGGCTACACGATTTGACGGAAACATCTTACTTGCCAAGGCAAGATCTAG,exon_14, c.4631C>T, misssense,non pathogenic
GTCATCCCCTTCTAAATGCCCATCATTAGATGATAGGTGGTACATGCACAGTTGCTCTGGGAGTCTTCAGAATAGAAACTACCCATCTCAAGAGGAGCTCATTAAGGTTGTTGATGTGGAGGAGCAACAGCTGGAAGAGTCTGGGCCACACGATTTGACGGAAACATCTTACATGCCAAGGCAAGATCTAG,exon_14, c.4657T>A, misssense,non pathogenic
GTCATCCCCTTCTAAATGCCCATCATTAGATGATAGGTGGTACATGCACAGTTGCTCTGGGAGTCTTCAGAATAGAAACTACCCATCTCAAGAGGAGCTCATTAAGGTTGTTGATGTGTAGGAGCAACAGCTGGAAGAGTCTGGGCCACACGATTTGACGGAAACATCTTACTTGCCAAGGCAAGATCTAG,exon_14, c.4603G>T, nonsense,pathogenic
GTCATCCCCTTCTAAATGCCCATCATTAGATGATAGGTGGTACATGCACAGTTGCTCTGGGAGTCTTCAGAATAGAAACTACCCATCTCAAGAGGAGCTCATTAAGGTTGTTGATGTGGAGTAGCAACAGCTGGAAGAGTCTGGGCCACACGATTTGACGGAAACATCTTACTTGCCAAGGCAAGATCTAG,exon_14, c.4606G>T, nonsense,pathogenic
GTCATCCCCTTCTAAATGCCCATCATTAGATGATAGGTGGTACATGCACAGTTGCTCTGGGAGTCTTCAGAATAGAAACTACCCATCTCAAGAGGAGCTCATTAAGGTTGTTGATGTGGAGGAGTAACAGCTGGAAGAGTCTGGGCCACACGATTTGACGGAAACATCTTACTTGCCAAGGCAAGATCTAG,exon_14, c.4609C>T, nonsense,pathogenic
GTCATCCCCTTCTAAATGCCCATCATTAGATGATAGGTGGTACATGCACAGTTGCTCTGGGAGTCTTCAGAATAGAAACTACCCATCTCAAGAGGAGCTCATTAAGGTTGTTGATGTGGAGGAGCAATAGCTGGAAGAGTCTGGGCCACACGATTTGACGGAAACATCTTACTTGCCAAGGCAAGATCTAG,exon_14, c.4612C>T, nonsense,pathogenic
GTCATCCCCTTCTAAATGCCCATCATTAGATGATAGGTGGTACATGCACAGTTGCTCTGGGAGTCTTCAGAATAGAAACTACCCATCTCAAGAGGAGCTCATTAAGGTTGTTGATGTGGAGGAGCAACAGCTGTAAGAGTCTGGGCCACACGATTTGACGGAAACATCTTACTTGCCAAGGCAAGATCTAG,exon_14, c.4618G>T, nonsense,pathogenic
GTCATCCCCTTCTAAATGCCCATCATTAGATGATAGGTGGTACATGCACAGTTGCTCTGGGAGTCTTCAGAATAGAAACTACCCATCTCAAGAGGAGCTCATTAAGGTTGTTGATGTGGAGGAGCAACAGCTGGAATAGTCTGGGCCACACGATTTGACGGAAACATCTTACTTGCCAAGGCAAGATCTAG,exon_14, c.4621G>T, nonsense,pathogenic
GTCATCCCCTTCTAAATGCCCATCATTAGATGATAGGTGGTACATGCACAGTTGCTCTGGGAGTCTTCAGAATAGAAACTACCCATCTCAAGAGGAGCTCATTAAGGTTGTTGATGTGGAGGAGCAACAGCTGGAAGAGTCTGGGCCACACGATTTGACGGAAACATCTTAGTTGCCAAGGCAAGATCTAG,exon_14, c.4656C>G, nonsense,pathogenic
GTCATCCCCTTCTAAATGCCCATCATTAGATGATAGGTGGTACATGCACAGTTGCTCTGGGAGTCTTCAGAATAGAAACTACCCATCTCAAGAGGAGCTCATTAAGGTTGTTGATGTGGAGGAGCAACAGCTGGAAGAGTCTGGGCCACACGATTTGACGGAAACATCTTAATTGCCAAGGCAAGATCTAG,exon_14, c.4656C>A, nonsense,pathogenic
GTCATCCCCTTCTAAATGCCCATCATTAGATGATAGGTGGTACATGCACAGTTGCTCTGGGAGTCTTCAGAATAGAAACTACCCATCTCAAGAGGAGCTCATTAAGGTTGTTGATGTGGAGGAGCAACAGCTGGAAGAGTCTGGGCCACACGATTTGACGGAAACATCTTACTAGCCAAGGCAAGATCTAG,exon_14, c.4658T>A, nonsense,pathogenic
GTCATCCCCTTCTAAATGCCCATCATTAGATGATAGGTGGTACATGCACAGTTGCTCTGGGAGTCTTCAGAATAGAAACTACCCATCTCAAGAGGAGCTCATTAAGGTTGTTGATGTGGAGGAGCAACAGCTGGAAGAGTCTGGGCCACACGATTTGACGGAAACATCTTACTTGCCAAGGCAAGATCTAA,exon_14, c.4675G>A, splice site,pathogenic
GTCATCCCCTTCTAAATGCCCATCATTAGATGATAGGTGGTACATGCACAGTTGCTCTGGGAGTCTTCAGAATAGAAACTACCCATCTCAAGAGGAGCTCATTAAGGTTGTTGATGTGGAGGAGCAACAGCTGGAAGAGTCTGGGCCACACGATTTGACGGAAACATCTTACTTGCCAAGGCAAGATCTAC,exon_14, c.4675G>A, splice site,pathogenic
AGGGAACCCCTTACCTGGAATCTGGAATCAGCCTCTTCTCTGATGACCCTGAATCTGATCCTTCTGAAGACAGAGCCCCAGAGTCAGCTCGTGTTGGCAACATACCATCTTCAACCTCTGCATTGAAAGTTCCCCAATTGAAAGTTGCAGAATCTGCCCAGAGTCCAGCTGCTGCTCATACTACTGATACTGCTGGGTATAATGCAATGGAAGAAAGTGTGAGCAGGGAGAAGCCAGAATTGACAGCTTCAACAGAAAGGGTCAACAAAAGAATGTCCATGGTGGTGTCTGGCCTGACCCCAGAAGAATTT,exon_15, -,-,non pathogenic
AGTGAACCCCTTACCTGGAATCTGGAATCAGCCTCTTCTCTGATGACCCTGAATCTGATCCTTCTGAAGACAGAGCCCCAGAGTCAGCTCGTGTTGGCAACATACCATCTTCAACCTCTGCATTGAAAGTTCCCCAATTGAAAGTTGCAGAATCTGCCCAGAGTCCAGCTGCTGCTCATACTACTGATACTGCTGGGTATAATGCAATGGAAGAAAGTGTGAGCAGGGAGAAGCCAGAATTGACAGCTTCAACAGAAAGGGTCAACAAAAGAATGTCCATGGTGGTGTCTGGCCTGACCCCAGAAGAATTT,exon_15, c.4678G>T,nonsense,pathogenic
AGGGAACCCCTTAACTGGAATCTGGAATCAGCCTCTTCTCTGATGACCCTGAATCTGATCCTTCTGAAGACAGAGCCCCAGAGTCAGCTCGTGTTGGCAACATACCATCTTCAACCTCTGCATTGAAAGTTCCCCAATTGAAAGTTGCAGAATCTGCCCAGAGTCCAGCTGCTGCTCATACTACTGATACTGCTGGGTATAATGCAATGGAAGAAAGTGTGAGCAGGGAGAAGCCAGAATTGACAGCTTCAACAGAAAGGGTCAACAAAAGAATGTCCATGGTGGTGTCTGGCCTGACCCCAGAAGAATTT,exon_15, c.4689C>A,nonsense,pathogenic
AGGGAACCCCTTACCCGGAATCTGGAATCAGCCTCTTCTCTGATGACCCTGAATCTGATCCTTCTGAAGACAGAGCCCCAGAGTCAGCTCGTGTTGGCAACATACCATCTTCAACCTCTGCATTGAAAGTTCCCCAATTGAAAGTTGCAGAATCTGCCCAGAGTCCAGCTGCTGCTCATACTACTGATACTGCTGGGTATAATGCAATGGAAGAAAGTGTGAGCAGGGAGAAGCCAGAATTGACAGCTTCAACAGAAAGGGTCAACAAAAGAATGTCCATGGTGGTGTCTGGCCTGACCCCAGAAGAATTT,exon_15, c.4691T>C,misssense,non pathogenic
AGGGAACCCCTTAGCTGGAATCTGGAATCAGCCTCTTCTCTGATGACCCTGAATCTGATCCTTCTGAAGACAGAGCCCCAGAGTCAGCTCGTGTTGGCAACATACCATCTTCAACCTCTGCATTGAAAGTTCCCCAATTGAAAGTTGCAGAATCTGCCCAGAGTCCAGCTGCTGCTCATACTACTGATACTGCTGGGTATAATGCAATGGAAGAAAGTGTGAGCAGGGAGAAGCCAGAATTGACAGCTTCAACAGAAAGGGTCAACAAAAGAATGTCCATGGTGGTGTCTGGCCTGACCCCAGAAGAATTT,exon_15, c.4689C>G,nonsense,pathogenic
AGGGAACCCCTTACCTGGAATCTGGAATCAGCCTCTTCTCTGATGACCCTCAATCTGATCCTTCTGAAGACAGAGCCCCAGAGTCAGCTCGTGTTGGCAACATACCATCTTCAACCTCTGCATTGAAAGTTCCCCAATTGAAAGTTGCAGAATCTGCCCAGAGTCCAGCTGCTGCTCATACTACTGATACTGCTGGGTATAATGCAATGGAAGAAAGTGTGAGCAGGGAGAAGCCAGAATTGACAGCTTCAACAGAAAGGGTCAACAAAAGAATGTCCATGGTGGTGTCTGGCCTGACCCCAGAAGAATTT,exon_15, c.4726G>C,misssense,non pathogenic
AGGGAACCCCTTACCTGGAATCTGGAATCAGCCTCTTCTCTGATGACCCTGAATCTGGTCCTTCTGAAGACAGAGCCCCAGAGTCAGCTCGTGTTGGCAACATACCATCTTCAACCTCTGCATTGAAAGTTCCCCAATTGAAAGTTGCAGAATCTGCCCAGAGTCCAGCTGCTGCTCATACTACTGATACTGCTGGGTATAATGCAATGGAAGAAAGTGTGAGCAGGGAGAAGCCAGAATTGACAGCTTCAACAGAAAGGGTCAACAAAAGAATGTCCATGGTGGTGTCTGGCCTGACCCCAGAAGAATTT,exon_15, c.4733A>G,misssense,non pathogenic
AGGGAACCCCTTACCTGGAATCTGGAATCAGCCTCTTCTCTGATGACCCTGAATCTGATCCTTCTGAAGACAGAGCCCCAGAGTCAGCTTGTGTTGGCAACATACCATCTTCAACCTCTGCATTGAAAGTTCCCCAATTGAAAGTTGCAGAATCTGCCCAGAGTCCAGCTGCTGCTCATACTACTGATACTGCTGGGTATAATGCAATGGAAGAAAGTGTGAGCAGGGAGAAGCCAGAATTGACAGCTTCAACAGAAAGGGTCAACAAAAGAATGTCCATGGTGGTGTCTGGCCTGACCCCAGAAGAATTT,exon_15, c.4765C>T,misssense,non pathogenic
AGGGAACCCCTTACCTGGAATCTGGAATCAGCCTCTTCTCTGATGACCCTGAATCTGATCCTTCTGAAGACAGAGCCCCAGAGTCAGCTCATGTTGGCAACATACCATCTTCAACCTCTGCATTGAAAGTTCCCCAATTGAAAGTTGCAGAATCTGCCCAGAGTCCAGCTGCTGCTCATACTACTGATACTGCTGGGTATAATGCAATGGAAGAAAGTGTGAGCAGGGAGAAGCCAGAATTGACAGCTTCAACAGAAAGGGTCAACAAAAGAATGTCCATGGTGGTGTCTGGCCTGACCCCAGAAGAATTT,exon_15, c.4766G>A,misssense,non pathogenic
AGGGAACCCCTTACCTGGAATCTGGAATCAGCCTCTTCTCTGATGACCCTGAATCTGATCCTTCTGAAGACAGAGCCCCAGAGTCAGCTCGTGTTGGCAAAATACCATCTTCAACCTCTGCATTGAAAGTTCCCCAATTGAAAGTTGCAGAATCTGCCCAGAGTCCAGCTGCTGCTCATACTACTGATACTGCTGGGTATAATGCAATGGAAGAAAGTGTGAGCAGGGAGAAGCCAGAATTGACAGCTTCAACAGAAAGGGTCAACAAAAGAATGTCCATGGTGGTGTCTGGCCTGACCCCAGAAGAATTT,exon_15,c.4776C>A,misssense,non pathogenic
AGGGAACCCCTTACCTGGAATCTGGAATCAGCCTCTTCTCTGATGACCCTGAATCTGATCCTTCTGAAGACAGAGCCCCAGAGTCAGCTCGTGTTGGCAACATACCATCTTCAACCTCTGCATTGAAAGTTCCCCAATCGAAAGTTGCAGAATCTGCCCAGAGTCCAGCTGCTGCTCATACTACTGATACTGCTGGGTATAATGCAATGGAAGAAAGTGTGAGCAGGGAGAAGCCAGAATTGACAGCTTCAACAGAAAGGGTCAACAAAAGAATGTCCATGGTGGTGTCTGGCCTGACCCCAGAAGAATTT,exon_15, c.4814T>C,misssense,non pathogenic
AGGGAACCCCTTACCTGGAATCTGGAATCAGCCTCTTCTCTGATGACCCTGAATCTGATCCTTCTGAAGACAGAGCCCCAGAGTCAGCTCGTGTTGGCAACATACCATCTTCAACCTCTGCATTGAAAGTTCCCCAATTGGAAGTTGCAGAATCTGCCCAGAGTCCAGCTGCTGCTCATACTACTGATACTGCTGGGTATAATGCAATGGAAGAAAGTGTGAGCAGGGAGAAGCCAGAATTGACAGCTTCAACAGAAAGGGTCAACAAAAGAATGTCCATGGTGGTGTCTGGCCTGACCCCAGAAGAATTT,exon_15, c.4816A>G,misssense,non pathogenic
AGGGAACCCCTTACCTGGAATCTGGAATCAGCCTCTTCTCTGATGACCCTGAATCTGATCCTTCTGAAGACAGAGCCCCAGAGTCAGCTCGTGTTGGCAACATACCATCTTCAACCTCTGCATTGAAAGTTCCCCAATTGAAAGTTGCAGAATCTGCCCAGAGGTCCAGCTGCTGCTCATACTACTGATACTGCTGGGTATAATGCAATGGAAGAAAGTGTGAGCAGGGAGAAGCCAGAATTGACAGCTTCAACAGAAAGGGTCAACAAAAGAATGTCCATGGTGGTGTCTGGCCTGACCCCAGAAGAATTT,exon_15, c.4837A>G,misssense,non pathogenic
AGGGAACCCCTTACCTGGAATCTGGAATCAGCCTCTTCTCTGATGACCCTGAATCTGATCCTTCTGAAGACAGAGCCCCAGAGTCAGCTCGTGTTGGCAACATACCATCTTCAACCTCTGCATTGAAAGTTCCCCAATTGAAAGTTGCAGAATCTGCCCAGAGTCTAGCTGCTGCTCATACTACTGATACTGCTGGGTATAATGCAATGGAAGAAAGTGTGAGCAGGGAGAAGCCAGAATTGACAGCTTCAACAGAAAGGGTCAACAAAAGAATGTCCATGGTGGTGTCTGGCCTGACCCCAGAAGAATTT,exon_15, c.4840C>T,misssense,non pathogenic
AGGGAACCCCTTACCTGGAATCTGGAATCAGCCTCTTCTCTGATGACCCTGAATCTGATCCTTCTGAAGACAGAGCCCCAGAGTCAGCTCGTGTTGGCAACATACCATCTTCAACCTCTGCATTGAAAGTTCCCCAATTGAAAGTTGCAGAATCTGCCCAGAGTCCAGCTGCTGCTCATACTACTGATACTGCTGGGTATAATGCAACGGAAGAAAGTGTGAGCAGGGAGAAGCCAGAATTGACAGCTTCAACAGAAAGGGTCAACAAAAGAATGTCCATGGTGGTGTCTGGCCTGACCCCAGAAGAATTT,exon_15, c.4883T>C,misssense,non pathogenic
AGGGAACCCCTTACCTGGAATCTGGAATCAGCCTCTTCTCTGATGACCCTGAATCTGATCCTTCTGAAGACAGAGCCCCAGAGTCAGCTCGTGTTGGCAACATACCATCTTCAACCTCTGCATTGAAAGTTCCCCAATTGAAAGTTGCAGAATCTGCCCAGAGTCCAGCTGCTGCTCATACTACTGATACTGCTGGGTATAATGCAGTGGAAGAAAGTGTGAGCAGGGAGAAGCCAGAATTGACAGCTTCAACAGAAAGGGTCAACAAAAGAATGTCCATGGTGGTGTCTGGCCTGACCCCAGAAGAATTT,exon_15, c.4882A>G,misssense,non pathogenic
AGGGAACCCCTTACCTGGAATCTGGAATCAGCCTCTTCTCTGATGACCCTGAATCTGATCCTTCTGAAGACAGAGCCCCAGAGTCAGCTCGTGTTGGCAACATACCATCTTCAACCTCTGCATTGAAAGTTCCCCAATTGAAAGTTGCAGAATCTGCCCAGAGTCCAGCTGCTGCTCATACTACTGATACTGCTGGGTATAATGCAATGGAAGAAAGTGTGAGCAGGGAGAAGCTAGAATTGACAGCTTCAACAGAAAGGGTCAACAAAAGAATGTCCATGGTGGTGTCTGGCCTGACCCCAGAAGAATTT,exon_15, c.4910C>T,misssense,non pathogenic
AGGGAACCCCTTACCTGGAATCTGGAATCAGCCTCTTCTCTGATGACCCTGAATCTGATCCTTCTGAAGACAGAGCCCCAGAGTCAGCTCGTGTTGGCAACATACCATCTTCAACCTCTGCATTGAAAGTTCCCCAATTGAAAGTTGCAGAATCTGCCCAGAGTCCAGCTGCTGCTCATACTACTGATACTGCTGGGTATAATGCAATGGAAGAAAGTGTGAGCAGGGAGAAGCCAGAATTGACAGCTTCAACAGAAAGGGTCAAAAAAAGAATGTCCATGGTGGTGTCTGGCCTGACCCCAGAAGAATTT,exon_15, c.4941C>A,misssense,non pathogenic
AGGGAACCCCTTACCTGGAATCTGGAATCAGCCTCTTCTCTGATGACCCTGAATCTGATCCTTCTGAAGACAGAGCCCCAGAGTCAGCTCGTGTTGGCAACATACCATCTTCAACCTCTGCATTGAAAGTTCCCCAATTGAAAGTTGCAGAATCTGCCCAGAGTCCAGCTGCTGCTCATACTACTGATACTGCTGGGTATAATGCAATGGAAGAAAGTGTGAGCAGGGAGAAGCCAGAATTGACAGCTTCAACAGAAAGGGTCAACAAAAGAATGTCCACGGTGGTGTCTGGCCTGACCCCAGAAGAATTT,exon_15, c.4955T>C,misssense,non pathogenic
AGGGAACCCCTTACCTGGAATCTGGAATCAGCCTCTTCTCTGATGACCCTGAATCTGATCCTTCTGAAGACAGAGCCCCAGAGTCAGCTCGTGTTGGCAACATACCATCTTCAACCTCTGCATTGAAAGTTCCCCAATTGAAAGTTGCAGAATCTGCCCAGAGTCCAGCTGCTGCTCATACTACTGATACTGCTGGGTATAATGCAATGGAAGAAAGTGTGAGCAGGGAGAAGCCAGAATTGACAGCTTCAACAGAAAGGGTCAACAAAAGAATGTCCATAGTGGTGTCTGGCCTGACCCCAGAAGAATTT,exon_15, c.4956G>A,misssense,non pathogenic
AGGGAACCCCTTACCTGGAATCTGGAATCAGCCTCTTCTCTGATGACCCTGAATCTGATCCTTCTGAAGACAGAGCCCCAGAGTCAGCTCGTGTTGGCAACATACCATCTTCAACCTCTGCATTGAAAGTTCCCCAATTGAAAGTTGCAGAATCTGCCCAGAGTCCAGCTGCTGCTCATACTACTGATACTGCTGGGTATAATGCAATGGAAGAAAGTGTGAGCAGGGAGAAGCCAGAATTGACAGCTTCAACAGAAAGGGTCAACAAAAGAATGTCCATGGTGGTGTCTGGCCTGACCCCAGAAGAATCT,exon_15, c.4985T>C,misssense,non pathogenic
AGGGAACCCCTTACCTGGAATCTGGAATCAGCCTCTTCTCTGATGACCCTGAATCTGATCCTTCTTAAGACAGAGCCCCAGAGTCAGCTCGTGTTGGCAACATACCATCTTCAACCTCTGCATTGAAAGTTCCCCAATTGAAAGTTGCAGAATCTGCCCAGAGTCCAGCTGCTGCTCATACTACTGATACTGCTGGGTATAATGCAATGGAAGAAAGTGTGAGCAGGGAGAAGCCAGAATTGACAGCTTCAACAGAAAGGGTCAACAAAAGAATGTCCATGGTGGTGTCTGGCCTGACCCCAGAAGAATTT,exon_15, c.4741G>T,nonsense,pathogenic
AGGGAACCCCTTACCTGGAATCTGGAATCAGCCTCTTCTCTGATGACCCTGAATCTGATCCTTCTGAAGACAGAGCCCCAGAGTGAGCTCGTGTTGGCAACATACCATCTTCAACCTCTGCATTGAAAGTTCCCCAATTGAAAGTTGCAGAATCTGCCCAGAGTCCAGCTGCTGCTCATACTACTGATACTGCTGGGTATAATGCAATGGAAGAAAGTGTGAGCAGGGAGAAGCCAGAATTGACAGCTTCAACAGAAAGGGTCAACAAAAGAATGTCCATGGTGGTGTCTGGCCTGACCCCAGAAGAATTT,exon_15, c.4760C>G,nonsense,pathogenic
AGGGAACCCCTTACCTGGAATCTGGAATCAGCCTCTTCTCTGATGACCCTGAATCTGATCCTTCTGAAGACAGAGCCCCAGAGTAAGCTCGTGTTGGCAACATACCATCTTCAACCTCTGCATTGAAAGTTCCCCAATTGAAAGTTGCAGAATCTGCCCAGAGTCCAGCTGCTGCTCATACTACTGATACTGCTGGGTATAATGCAATGGAAGAAAGTGTGAGCAGGGAGAAGCCAGAATTGACAGCTTCAACAGAAAGGGTCAACAAAAGAATGTCCATGGTGGTGTCTGGCCTGACCCCAGAAGAATTT,exon_15, c.4760C>A,nonsense,pathogenic
AGGGAACCCCTTACCTGGAATCTGGAATCAGCCTCTTCTCTGATGACCCTGAATCTGATCCTTCTGAAGACAGAGCCCCAGAGTCAGCTCGTGTTGGCAACATACCATCTTAAACCTCTGCATTGAAAGTTCCCCAATTGAAAGTTGCAGAATCTGCCCAGAGTCCAGCTGCTGCTCATACTACTGATACTGCTGGGTATAATGCAATGGAAGAAAGTGTGAGCAGGGAGAAGCCAGAATTGACAGCTTCAACAGAAAGGGTCAACAAAAGAATGTCCATGGTGGTGTCTGGCCTGACCCCAGAAGAATTT,exon_15, c.4787C>A,nonsense,pathogenic
AGGGAACCCCTTACCTGGAATCTGGAATCAGCCTCTTCTCTGATGACCCTGAATCTGATCCTTCTGAAGACAGAGCCCCAGAGTCAGCTCGTGTTGGCAACATACCATCTTCAACCTCTGCATTGTAAGTTCCCCAATTGAAAGTTGCAGAATCTGCCCAGAGTCCAGCTGCTGCTCATACTACTGATACTGCTGGGTATAATGCAATGGAAGAAAGTGTGAGCAGGGAGAAGCCAGAATTGACAGCTTCAACAGAAAGGGTCAACAAAAGAATGTCCATGGTGGTGTCTGGCCTGACCCCAGAAGAATTT,exon_15, c.4801A>T,nonsense,pathogenic
AGGGAACCCCTTACCTGGAATCTGGAATCAGCCTCTTCTCTGATGACCCTGAATCTGATCCTTCTGAAGACAGAGCCCCAGAGTCAGCTCGTGTTGGCAACATACCATCTTCAACCTCTGCATTGAAAGTTCCCTAATTGAAAGTTGCAGAATCTGCCCAGAGTCCAGCTGCTGCTCATACTACTGATACTGCTGGGTATAATGCAATGGAAGAAAGTGTGAGCAGGGAGAAGCCAGAATTGACAGCTTCAACAGAAAGGGTCAACAAAAGAATGTCCATGGTGGTGTCTGGCCTGACCCCAGAAGAATTT,exon_15, c.4810C>T,nonsense,pathogenic
AGGGAACCCCTTACCTGGAATCTGGAATCAGCCTCTTCTCTGATGACCCTGAATCTGATCCTTCTGAAGACAGAGCCCCAGAGTCAGCTCGTGTTGGCAACATACCATCTTCAACCTCTGCATTGAAAGTTCCCCAATTGAAAGTTGCAGAATCTGCCTAGAGTCCAGCTGCTGCTCATACTACTGATACTGCTGGGTATAATGCAATGGAAGAAAGTGTGAGCAGGGAGAAGCCAGAATTGACAGCTTCAACAGAAAGGGTCAACAAAAGAATGTCCATGGTGGTGTCTGGCCTGACCCCAGAAGAATTT,exon_15, c.4834C>T,nonsense,pathogenic
AGGGAACCCCTTACCTGGAATCTGGAATCAGCCTCTTCTCTGATGACCCTGAATCTGATCCTTCTGAAGACAGAGCCCCAGAGTCAGCTCGTGTTGGCAACATACCATCTTCAACCTCTGCATTGAAAGTTCCCCAATTGAAAGTTGCAGAATCTGCCCAGAGTCCAGCTGCTGCTCATACTACTGATACTGGTGGGTATAATGCAATGGAAGAAAGTGTGAGCAGGGAGAAGCCAGAATTGACAGCTTCAACAGAAAGGGTCAACAAAAGAATGTCCATGGTGGTGTCTGGCCTGACCCCAGAAGAATTT,exon_15, c.4868C>G,nonsense,pathogenic
AGGGAACCCCTTACCTGGAATCTGGAATCAGCCTCTTCTCTGATGACCCTGAATCTGATCCTTCTGAAGACAGAGCCCCAGAGTCAGCTCGTGTTGGCAACATACCATCTTCAACCTCTGCATTGAAAGTTCCCCAATTGAAAGTTGCAGAATCTGCCCAGAGTCCAGCTGCTGCTCATACTACTGATACTGCTGGGTATAATGCAATGGAAGAAAGTGTGAGCAGGTAGAAGCCAGAATTGACAGCTTCAACAGAAAGGGTCAACAAAAGAATGTCCATGGTGGTGTCTGGCCTGACCCCAGAAGAATTT,exon_15, c.4903G>T,nonsense,pathogenic
AGGGAACCCCTTACCTGGAATCTGGAATCAGCCTCTTCTCTGATGACCCTGAATCTGATCCTTCTGAAGACAGAGCCCCAGAGTCAGCTCGTGTTGGCAACATACCATCTTCAACCTCTGCATTGAAAGTTCCCCAATTGAAAGTTGCAGAATCTGCCCAGAGTCCAGCTGCTGCTCATACTACTGATACTGCTGGGTATAATGCAATGGAAGAAAGTGTGAGCAGGGAGAAGCCAGAATTGACAGCTTCAACATAAAGGGTCAACAAAAGAATGTCCATGGTGGTGTCTGGCCTGACCCCAGAAGAATTT,exon_15, c.4930G>T,nonsense,pathogenic
AGGGAACCCCTTACCTGGAATCTGGAATCAGCCTCTTCTCTGATGACCCTGAATCTGATCCTTCTGAAGACAGAGCCCCAGAGTCAGCTCGTGTTGGCAACATACCATCTTCAACCTCTGCATTGAAAGTTCCCCAATTGAAAGTTGCAGAATCTGCCCAGAGTCCAGCTGCTGCTCATACTACTGATACTGCTGGGTATAATGCAATGGAAGAAAGTGTGAGCAGGGAGAAGCCAGAATTGACAGCTTCAACAGAAAGGGTCAACTAAAGAATGTCCATGGTGGTGTCTGGCCTGACCCCAGAAGAATTT,exon_15, c.4942A>T,nonsense,pathogenic
AGGGAACCCCTTACCTGGAATCTGGAATCAGCCTCTTCTCTGATGACCCTGAATCTGATCCTTCTGAAGACAGAGCCCCAGAGTCAGCTCGTGTTGGCAACATACCATCTTCAACCTCTGCATTGAAAGTTCCCCAATTGAAAGTTGCAGAATCTGCCCAGAGTCCAGCTGCTGCTCATACTACTGATACTGCTGGGTATAATGCAATGGAAGAAAGTGTGAGCAGGGAGAAGCCAGAATTGACAGCTTCAACAGAAAGGGTCAACAAAAGAATGTCCATGGTGGTGTCTGGCCTGACCCCAGAATAATTT,exon_15, c.4981G>T,nonsense,pathogenic
ATGCTCGTGTACAAGTTTGCCAGAAAACACCACATCACTTTAACTAATCTAATTACTGAAGAGACTACTCATGTTGTTATGAAAACAG,exon_16, -,-,non pathogenic
ATGCCCGTGTACAAGTTTGCCAGAAAACACCACATCACTTTAACTAATCTAATTACTGAAGAGACTACTCATGTTGTTATGAAAACAG,exon_16, c.4991T>C,misssense,non pathogenic
ATGCTCGTGTACAAGTTTGCCAGAAAACACCACATCATTTTAACTAATCTAATTACTGAAGAGACTACTCATGTTGTTATGAAAACAG,exon_16, c.5024C>T,misssense,non pathogenic
ATGCTCGTGTACAAGTTTGCCAGAAAACACCACATCACTTTAACTAATCTAATTACTAAAGAGACTACTCATGTTGTTATGAAAACAG,exon_16, c.5044G>A,misssense,non pathogenic
ATGCTCGTGTAAAAGTTTGCCAGAAAACACCACATCACTTTAACTAATCTAATTACTGAAGAGACTACTCATGTTGTTATGAAAACAG,exon_16, c.4998C>A,nonsense,pathogenic
ATGCTCGTGTACATGTTTGCCAGAAAACACCACATCACTTTAACTAATCTAATTACTGAAGAGACTACTCATGTTGTTATGAAAACAG,exon_16, c.4999A>T,nonsense,pathogenic
ATGCTCGTGTACAAGTTTGCCAGAAAACACCACATCACTTTAACTAATCCAATTACTGAAGAGACTACTCATGTTGTTATGAAAACAG,exon_16, c.5036T>C,misssense,non pathogenic
ATGCTCGTGTACAAGTTTGCCAGAAAACACCACATCACTTTAACTAATCTAATTACTGAAGAGACTACTCATGTTGTTATGCAAACAG,exon_16, c.5068A>C,misssense,non pathogenic
ATGCTCGTGTACAAGTTTGCCAGAAAACACCACATCACTTTAACTAATCTAATTACTGAATAGACTACTCATGTTGTTATGAAAACAG,exon_16, c.5047G>T,nonsense,pathogenic
ATGCTCGTGTACAAGTTTGCCAGAAAACACCACATCACTTTAACTAATCTAATTACTGAAGAGACTGCTCATGTTGTTATGAAAACAG,exon_16, c.5053A>G,missense,pathogenic
ATGCTCGTGTACAAGTTTGCCAGAAAACACCACATCACTTTAACTAATCTAATTACTGAAGAGACTATTCATGTTGTTATGAAAACAG,exon_16, c.5054C>T,missense,pathogenic
ATGCTCGTGTACAAGTTTGCCAGAAAACACCACATCACTTTAACTAATCTAATTACTGAAGAGACTACTCATGTTGTTATGTAAACAG,exon_16, c.5068A>T,nonsense,pathogenic
ATGCTCGTGTACAAGTTTGCCAGAAAACACCACATCACTTTAACTAATCTAATTACTGAAGAGACTACTCATGTTGTTATGAAAACAA,exon_16, c.5074G>A,splice site,pathogenic
ATGCTCGTGTACAAGTTTGCCAGAAAACACCACATCACTTTAACTAATCTAATTACTGAAGAGACTACTCATGTTGTTATGAAAACAC,exon_16, c.5074G>C,splice site,pathogenic
ATGCTCGTGTACAAGTTTGCCAGAAAACACCACATCACTTTAACTAATCTAATTACTGAAGAGACTACTCATGTTGTTATGAAAACAT,exon_16, c.5074G>T,splice site,pathogenic
ATGCTGAGTTTGTGTGTGAACGGACACTGAAATATTTTCTAGGAATTGCGGGAGGAAAATGGGTAGTTAGCTATTTCT,exon_17, -,-,non pathogenic
ATGCTTAGTTTGTGTGTGAACGGACACTGAAATATTTTCTAGGAATTGCGGGAGGAAAATGGGTAGTTAGCTATTTCT,exon_17, c.5080G>T,nonsense,pathogenic
ATGCTGAGTTTGTGCGTGAACGGACACTGAAATATTTTCTAGGAATTGCGGGAGGAAAATGGGTAGTTAGCTATTTCT,exon_17, c.5089T>C,missense,pathogenic
ATGCTGAGTTTGTGTGTGAACGGACACTGAAATATTTTCTAGGAATTGCGGGAGGAAAATGGGTAGTTAGCTATTTCT,exon_17, c.5092G>T,nonsense,pathogenic
ATGCTGAGTTTGTGTGTGAACGGACACTGTAATATTTTCTAGGAATTGCGGGAGGAAAATGGGTAGTTAGCTATTTCT,exon_17, c.5104A>T,nonsense,pathogenic
ATGCTGAGTTTGTGTGTGAACGGACACTGAAATAGTTTCTAGGAATTGCGGGAGGAAAATGGGTAGTTAGCTATTTCT,exon_17, c.5109T>G,nonsense,pathogenic
ATGCTGAGTTTGTGTGTGAACGGACACTGAAATATTTTCTAGAAATTGCGGGAGGAAAATGGGTAGTTAGCTATTTCT,exon_17, c.5117G>A,missense,pathogenic
ATGCTGAGTTTGTGTGTGAACGGACACTGAAATATTTTCTAGCAATTGCGGGAGGAAAATGGGTAGTTAGCTATTTCT,exon_17, c.5117G>C,nonsense,pathogenic
ATGCTGAGTTTGTGTGTGAACGGACACTGAAATATTTTCTAGGAATTGCGGGATGAAAATGGGTAGTTAGCTATTTCT,exon_17, c.5128G>T,nonsense,pathogenic
ATGCTGAGTTTGTGTGTGAACGGACACTGAAATATTTTCTAGGAATTGCGGGAGGAAAATGAGTAGTTAGCTATTTCT,exon_17, c.5136G>A,nonsense,pathogenic
ATGCTGAGTTTGTGTGTGAACGGACACTGAAATATTTTCTAGGAATTGCGGGAGGAAAATGGGTAGTTCGCTATTTCT,exon_17, c.5143A>C,missense,pathogenic
ATGCTGAGTTTGTGTGTGAACGGACACTGAAATATTTTCTAGGAATTGCGGGAGGAAAATGGGTAGTTAACTATTTCT,exon_17, c.5144G>A,nonsense,pathogenic
ATGCTGAGTTTGTGTGTGAACGGACACTGAAATATTTTCTAGGAATTGCGGGAGGAAAATGGGTAGTTAGCTAGTTCT,exon_17, c.5148T>G,nonsense,pathogenic
GGGTGACCCAGTCTATTAAAGAAAGAAAAATGCTGAATGAG,exon_18, -,-,non pathogenic
TGGTGACCCAGTCTATTAAAGAAAGAAAAATGCTGAATGAG,exon_18, c.5153G>T,nonsense,pathogenic
AGGTGACCCAGTCTATTAAAGAAAGAAAAATGCTGAATGAG,exon_18, c.5153G>A,nonsense,pathogenic
GAGTGACCCAGTCTATTAAAGAAAGAAAAATGCTGAATGAG,exon_18, c.5154G>A,nonsense,pathogenic
GGGTGGCCCAGTCTATTAAAGAAAGAAAAATGCTGAATGAG,exon_18, c.5158A>G,misssense,non pathogenic
GGGTGACCTAGTCTATTAAAGAAAGAAAAATGCTGAATGAG,exon_18, c.5161C>T,nonsense,pathogenic
GGGTGACCCAGTCTATTAAATAAAGAAAAATGCTGAATGAG,exon_18, c.5173G>T,nonsense,pathogenic
GGGTGACCCAGTCTATTAAAGAAAGATAAATGCTGAATGAG,exon_18, c.5179A>T,nonsense,pathogenic
GGGTGACCCAGTCTATTAAAGAAAGAAAAATGCTGAGTGAG,exon_18, c.5189A>G,misssense,non pathogenic
GGGTGACCCAGTCTATTAAAGAAAGAAAAATGCTGATTGAG,exon_18, c.5189A>T,misssense,non pathogenic
CATGATTTTGAAGTCAGAGGAGATGTGGTCAATGGAAGAAACCACCAAGGTCCAAAGCGAGCAAGAGAATCCCAGGACAGAAAG,exon_19, -,-,non pathogenic
CATGGTTTTGAAGTCAGAGGAGATGTGGTCAATGGAAGAAACCACCAAGGTCCAAAGCGAGCAAGAGAATCCCAGGACAGAAAG,exon_19, c.5198A>G,nonsense,pathogenic
CATGATTTTGAAGTCAGAGGAGATGTGGTCAATGGAAGAAACCACCAAGGTCCAAAGCAAGCAAGAGAATCCCAGGACAGAAAG,exon_19, c.5252G>A,nonsense,pathogenic
CATGATTTTGAAGCCAGAGGAGATGTGGTCAATGGAAGAAACCACCAAGGTCCAAAGCGAGCAAGAGAATCCCAGGACAGAAAG,exon_19, c.5207T>C,missense,pathogenic
CATGATTTTGAAGTCAGAAGAGATGTGGTCAATGGAAGAAACCACCAAGGTCCAAAGCGAGCAAGAGAATCCCAGGACAGAAAG,exon_19, c.5212G>A,missense,pathogenic
CATGATTTTGAAGTCAGAGGAGATGTGGTCAATGGAAGAAACCACTAAGGTCCAAAGCGAGCAAGAGAATCCCAGGACAGAAAG,exon_19, c.5239C>T,nonsense,pathogenic
CATGATTTTGAAGTCAGAGGAGATGTGGTCAATGGAAGAAACCACCAAGGTCCAAAGTGAGCAAGAGAATCCCAGGACAGAAAG,exon_19, c.5251C>T,nonsense,pathogenic
CATGATTTTGAAGTCAGAGGAGATGTGGTCAATGGAAGAAACCACCAAGGTCCAAAGCGAGCAAGATAATCCCAGGACAGAAAG,exon_19, c.5260G>T,nonsense,pathogenic
CATGATTTTGAAGTCAGAGGAGATGTGGTCAATGGAAGAAACCACCAAGGTCCAAAGCGAGCAAGAGAATCCTAGGACAGAAAG,exon_19, c.5266C>T,nonsense,pathogenic
CATGATTTTGAAGTCAGAGGAGATGTGGTCAATGGAAGAAACCACCAAGGTCCAAAGCGAGCAAGAGAATCCCAGGACTGAAAG,exon_19, c.5272A>T,nonsense,pathogenic